{"cameraMode":{"drawMode":0,"name":"Shaded","section":"Shading Mode"},"sceneLighting":true,"audioPlay":false,"sceneViewState":{"showFog":true,"showMaterialUpdate":false,"showSkybox":true,"showFlares":true,"showImageEffects":true,"showParticleSystems":true},"in2DMode":false,"pivot":{"x":39.50386428833008,"y":-14.128929138183594,"z":74.44193267822266},"rotation":{"x":0.256769597530365,"y":0.16002482175827027,"z":-0.043133679777383807,"w":0.9521704912185669},"size":72.77067565917969,"orthographic":false}